{"nVersion":1,"logoPosition":{"pinnedPosition":"BottomCenter","nWidthPct":55.30973451327435,"nHeightPct":64.58333333333334}}