{"nVersion":1,"logoPosition":{"pinnedPosition":"CenterCenter","nWidthPct":26.462705436156753,"nHeightPct":76.88888888888891}}