{"nVersion":1,"logoPosition":{"pinnedPosition":"CenterCenter","nWidthPct":54.55120101137797,"nHeightPct":95.83333333333334}}