{"nVersion":1,"logoPosition":{"pinnedPosition":"BottomCenter","nWidthPct":64.53855878634641,"nHeightPct":44.79166666666668}}