{"nVersion":1,"logoPosition":{"pinnedPosition":"CenterCenter","nWidthPct":49.74715549936789,"nHeightPct":72.91666666666666}}