{"nVersion":1,"logoPosition":{"pinnedPosition":"CenterCenter","nWidthPct":21.93426042983566,"nHeightPct":77.77777777777777}}