{"nVersion":1,"logoPosition":{"pinnedPosition":"CenterCenter","nWidthPct":57.964601769911525,"nHeightPct":71.52777777777777}}